<?xml version="1.0" encoding="UTF-8"?>
<project-private xmlns="http://www.netbeans.org/ns/project-private/1">
    <editor-bookmarks xmlns="http://www.netbeans.org/ns/editor-bookmarks/2" lastBookmarkId="0"/>
    <open-files xmlns="http://www.netbeans.org/ns/projectui-open-files/2">
        <group>
            <file>file:/C:/Users/Kody/Documents/Projects/CS3840/Project1/src/des/JDES.java</file>
            <file>file:/C:/Users/Kody/Documents/Projects/CS3840/Project1/src/ras/JRSA.java</file>
            <file>file:/C:/Users/Kody/Documents/Projects/CS3840/Project1/src/Project1.java</file>
            <file>file:/C:/Users/Kody/Documents/Projects/CS3840/Project1/src/sha1/SHA1.java</file>
        </group>
    </open-files>
</project-private>
